vb8xiL2sH_M,deu
e6ZAPyAYU68,deu
uWvsUsKFo3E,deu
Q1U3Ivv3www,deu
k7zkQYZIAbI,deu
Xd_hzluUG64,deu
rQw7b1gi34U,deu
AYL9pOTeTJg,deu
T8PyuJ7pTiI,deu
XAg04Cl5AqQ,deu
CTUEcfU63Hs,deu
tjOUGgWB7U0,deu
BbabIGumbZo,deu
W56K6kXEY2I,deu
r13L_gQJUCI,deu
PazX4el4lMg,deu
qz7eqir6kes,deu
ClK8bfh8MDI,deu
5t7ps8UX5D0,deu
-LzGjXgdr5o,deu
0IjU74pA5-s,deu
wSQuLEK3XoY,deu
Y3ouKW1difw,deu
c35DcZrSO9Q,deu
EoSNRaP7FHU,deu
UO7wXcAq244,deu
cQ-WJ_dEQbA,deu
Vw3S6dqNdaY,deu
n12ONkElTxU,deu
axoym91s1fM,deu
ouBLoEnZqvY,deu
GvUYClI4cM0,deu
WvNY-rTZxZo,deu
udk5kWXg0D8,deu
eg8XMSQJQWk,deu
7oTYXX65QOs,deu
5sSOXZKvbJQ,deu
WXF4XyE8K20,deu
nLieF7Xf-AQ,deu
1IfROZcWVfA,deu
Hn9pu9WI0Yg,deu
AQEIC6iy32c,deu
UUgz3A1arIc,deu
4JdBvVHSvNs,deu
X6e4oL8u6U0,deu
zCXSrilgh5s,deu
nMKm-jbjFoQ,deu
RzdM9yIv1do,deu
