I0Qz3AM0hFI,eng
6SJ-pFhCXQU,eng
y-2i6dm4Gx0,eng
N4nVZaJt8LI,eng
0jq1tg4QmPI,eng
u5apIAK4dDc,eng
_y9yV8fbJIo,eng
9gYiyVmXPGs,eng
Zodj3Z5B-d8,eng
1--OoW50v50,eng
z8pl_lgAwn4,eng
bqxR9ipkG-0,eng
JcPJRb_TQQw,eng
4S8LQiyQiGk,eng
eIDo1GcY5Xw,eng
OmZYizy6fvs,eng
j0dnCBfoGs8,eng
7oT6ai8I7YA,eng
IjnHVG3peeY,eng
FQegg2zhCmQ,eng
6gKMzXpMV2Q,eng
YIn5gUgpCig,eng
uX7_KzGToG0,eng
hU05OQOKMU0,eng
1XB_8FXABxQ,eng
ty7GmIkVMvs,eng
GXv9NGDefeo,eng
dWyTUkt6r60,eng
XXn5yvseTCs,eng
J1bgaMpWlfc,eng
3R9xptFvJb8,eng
kFxcO6Hi3PA,eng
dHixkYeAoyI,eng
Qa-kT9Es76Y,eng
g0PihGwfB1Q,eng
NQDVC-3e6Fs,eng
5CCLQjYouWU,eng
-LiJOOoyF1k,eng
NyIR_yojMnU,eng
OmpIk0sFmno,eng
X5Af72LFb4c,eng
TFK3gaM8f_g,eng
tzTYsJgy4NE,eng
1NqLT5SqMME,eng
SIdmf3cLXeA,eng
1ulyVqHZpyo,eng
fV2MVKX8PLQ,eng
iRHkoHdJoXY,eng
m8CqIMrcYME,eng
l4R_9Zdw8wg,eng
t97ePniju5E,eng
v0LGLi4LET0,eng
H0ox0cICV2U,eng
obExG9JWtJ8,eng
TqvnpmbVClM,eng
vNk1Lq1SzGM,eng
F96i2H4D6rc,eng
toov14yq1Lc,eng
i-MSMD401MQ,eng
kQwR3q6NVsY,eng
RiJhXjVVgIw,eng
5Y2LrwmnK4w,eng
cE8Q7k005uo,eng
aXIWYV2fuA0,eng
m2mGqQzv5A0,eng
mTC_LLawaf0,eng
vRXvFPdsl1s,eng
_Do7U9A6sk8,eng
7NNARva3BsA,eng
ohPSi-Rsc4o,eng
s7tu8To2pQY,eng
McV7iFz8_fM,eng
vHEszl5NwEc,eng
Qbeuw8EhDpA,eng
9IPb6a0xUPs,eng
3MJ-55rn3eo,eng
1RVSiCWWHE0,eng
AE1WK2CEMD0,eng
f5RFKLc_7oo,eng
YG9_NT-sKkU,eng
DRTI6JX5YGY,eng
AW79WmQ30Gw,eng
Db-I_z_Kxgc,eng
-fn7bMPWWE8,eng
9XvFbXbd-Ic,eng
RkRuWM_lHLU,eng
K0hovq_g6wM,eng
dg2dYChiYx8,eng
N-72WCXRroE,eng
9Rb0zY1amjc,eng
shFpvpU7_YY,eng
uig75Xd1uvs,eng
3Ll4EqmgMdM,eng
eBljd1ZuLvU,eng
Xs08eWl1F9E,eng
eqynVqQuAeM,eng
vTxlJcdduX0,eng
alsGgt2gezg,eng
peO_iq_OeQc,eng
wfvufHfMmjs,eng
hjmKvV5_qyg,eng
RKBil5YBIvU,eng
ojf7tMNPr1A,eng
VCuK7EyxbrA,eng
2ZEtHcRuOPw,eng
mycZB2ojEyw,eng
RZJUZG85gnY,eng
7sAh7MR82hE,eng
P8A6jglbHhI,eng
blbaRzq3GWM,eng
CeZ_z9g-09k,eng
xH9HkNrl5P8,eng
jEG_SLOcmyA,eng
4sGQ0V-i7Wk,eng
JJHysoE1Xt4,eng
zMgaYjYKSVw,eng
4USOeZXzjes,eng
2vOpi33ksu8,eng
DjYwyO905Oo,eng
wu2F2Kd_DVQ,eng
SBNMvvPNJ7w,eng
pR2zX0jRI-g,eng
IjmAHru9o9Q,eng
T-wCi61xuW0,eng
7e9iNCnq8v0,eng
7sYnVHydi3Q,eng
1I5iu7uje98,eng
4WTwI1HdHHM,eng
pTR5NU-94zc,eng
sPPX93gGKog,eng
LakM7TcpxMM,eng
ul_95VC3JtE,eng
q-MGAHPvIMc,eng
CvsUYAmBrOQ,eng
MSIN-EfpmmI,eng
poWzd_A-mCE,eng
tz8D2bvoPR4,eng
4qMxT9huddI,eng
wjuQHpjU5HY,eng
3CTtYdT8pgM,eng
Yjr09jBMtM0,eng
-8RHVyX_Vy8,eng
miB_yw2XWzk,eng
bzNaluN4-uc,eng
Q0z2u3SlNKU,eng
9f7QPKAtpU4,eng
5GbzL5SQAvY,eng
KCltTfqLdYk,eng
X23E2MZ707Q,eng
P4GAgngkUGg,eng
WH0wU65zSBU,eng
3SpuWkI5Bzc,eng
HVi0MQEX0MQ,eng
BcT1Sd-4MBA,eng
jqYJaQab0wo,eng
DBYrpKx6-a0,eng
OQplbzNlEH8,eng
QiBQYqm0ANQ,eng
sU8hS7PjrA4,eng
yzijg9fT5ic,eng
b54gDyGHVQs,eng
KUXiQHZWRaU,eng
ggeMUv3riyg,eng
rc9tnj7_K00,eng
3ry-24AxqTA,eng
DhB3YAkRmvU,eng
hbWoW0atYCk,eng
aFc_IXXvm_M,eng
IlDbCmF4sGc,eng
n08PznvAyzU,eng
8IMv0gyfPas,eng
Q1SMlwg-A8s,eng
4gQfA9QIKv4,eng
HaZ-7LOWZNE,eng
DRxutxeGwvo,eng
hdqwMZKQYho,eng
yPb4k36OPhA,eng
g4g27Wk6ew8,eng
U0Qqtqgb3aM,eng
6jOV4-iflnE,eng
0gYzlaMr_Zk,eng
80G2hHDscdY,eng
yIlN34ELW0Q,eng
VCX8OJL3D4c,eng
F8ybijVDvtM,eng
1lk5-6x8rLE,eng
68omIuQLt2U,eng
4Y2lC3aB_04,eng
J8VsTpu-5RA,eng
3Y7-bR-omJA,eng
PsoPcVLCOG8,eng
4Hebh2e2rE4,eng
Kqf6HEnd5I0,eng
VgT3uyZ_TNw,eng
x2Ei3T-msNA,eng
birMRXJ4RDk,eng
piXkW-EY5Sw,eng
G8odSkzTKhw,eng
K8lt1H4Eu0E,eng
JoyXlY38ZZE,eng
z2KrwqPP4OM,eng
9Q1rkQoThS0,eng
cyd1HIh1mF8,eng
3RXn12GKwuk,eng
mrwII5Ct-Sw,eng
v6v1Z1QB94U,eng
ffdF54M8I0k,eng
LiSguHXWDPg,eng
G1A3o8W5ElM,eng
6jWCZovnF5w,eng
LWb_fgmwqcw,eng
SfFVrsBFERI,eng
44dmh4NsWnQ,eng
1BTteRUqw20,eng
FrNZgbCDEpw,eng
weaLLptUTmw,eng
jwM4Uzr6lDU,eng
ww_iuiBikmo,eng
5dYCbydKvds,eng
DAaRnaLWxiE,eng
6O92eGsVwec,eng
tHVnH25zQp8,eng
U0-gvL_HRE4,eng
v0M_fS_rfn4,eng
F1sE4MjRkDw,eng
RGj2sU1_6A8,eng
5JIG3WS8A3w,eng
dKtlhjp7u_g,eng
IRJbUY2DFDg,eng
rhKczOhM_dM,eng
2-m3QETbOmU,eng
mXjz0ZbSaUQ,eng
ki6yVfn7P1g,eng
S4qntRgPy60,eng
izVkKZaLYTo,eng
NHuoB3pEoXo,eng
KhpZHGrM9Zo,eng
pScYkPGjQGw,eng
G8gZ9M-tA_k,eng
KygCfEFle2M,eng
bvF-8CCW9eA,eng
Vfa3qg6jkhU,eng
3GdvDFYP6S8,eng
hX8kJ3g73lg,eng
B3dh37A1UPE,eng
zQq62YNNUNE,eng
25J4qHizdyQ,eng
0S6YZSVDBvo,eng
xFo7nLVwLQs,eng
WG-B94RzPBY,eng
lEZCr48lKDM,eng
OOJbhLM_whk,eng
Mk9qBVIIw_g,eng
nE0u0OFnyg4,eng
Ayl_uqe09ME,eng
OdpJvzjj4T8,eng
t-fiSUQp_EM,eng
r-5KHYW6LIQ,eng
x279qKDiJXY,eng
2P4lITBuJ20,eng
tloaJJo3_Cw,eng
qGz0SVAjkxU,eng
4GYz3BoF4Vo,eng
C6pzXGZD5Ac,eng
vzsuMoE5TXI,eng
xukAAkK89sM,eng
hPvdraSv4vQ,eng
OlmTUncIO-o,eng
E08ZNMgMACY,eng
Ob2ei0ve9xs,eng
AefCl9qADHk,eng
tfMMl-VjXbQ,eng
GtpQ6OR0Gds,eng
PVuNy6_oHMs,eng
i0DAs5Vp6F8,eng
YFF7z5CtVXs,eng
LobwHVTh8UA,eng
Ul3qt1Kghpw,eng
rGuQ3XLFxfs,eng
Roi3WMqaYvE,eng
A4eWpyFjnw4,eng
LGsrMR6qcrg,eng
rB5rBKJQwEs,eng
BDY8i9VQeZM,eng
yYo_s55P6rA,eng
TLdXMfHrOUo,eng
e3cuvNVezMg,eng
ARJyDFBZ71Q,eng
7Cw18RQVu08,eng
QBAoaBCaM_A,eng
iyfvADmWWo4,eng
bWPR3Eacn4k,eng
7H2nX4RaA6k,eng
d65tu8rielU,eng
nTpudBENkRU,eng
CTV6uNyugL0,eng
3z6gy28pLQw,eng
fzj5DmKT0xs,eng
4ITi3JUdG2Q,eng
H-QChLZppZA,eng
ZYw4_msM3co,eng
KqS_p2Kkm9Y,eng
ZBXovgmk1zU,eng
oONUATgwhS8,eng
zznuGdU9KAU,eng
ZkH5GSgaNmk,eng
9Mjvl8R12-o,eng
8yHpezXH3Yc,eng
2lqQNyzysLc,eng
O4BqjQqF1ao,eng
9P1R7RiGAtA,eng
K8wHwZlOkNk,eng
SqD_mgiNocM,eng
MArTPHqkXKI,eng
XSSjIGi5phI,eng
0eFCNyXhRUo,eng
odwWUYhVU9I,eng
EIw6HCX8KbY,eng
epgPJFeJHRU,eng
uYQLaf9CyGg,eng
zihiIYQPCYc,eng
9JfHq48Dl0k,eng
QdPOrT_Ji44,eng
KD4a9nVqyDM,eng
nmr1-tp0ZIU,eng
-uf0LPyRy5s,eng
mWSP1o0zong,eng
zWHh0R9OvqI,eng
bsq6oSLLrZY,eng
8Fs3a_gtX5E,eng
UZ30UElozwo,eng
f1PswUazzFk,eng
fauNzDAM-0I,eng
HlDp1kjvN5A,eng
7Maw54-MMMI,eng
ylJpmYHdoK8,eng
upjox1L9_kM,eng
DaFXkEQvF50,eng
tvXCrIuGvmA,eng
icuOpv-vbrY,eng
zSENwJGrJTE,eng
3hCYSNQCj80,eng
XmXczyYFsqY,eng
aLA9VK5fVPU,eng
v6bZy5VHwzg,eng
MC3fdzTQMpU,eng
y7skW6NOAh0,eng
mfb-EMGsTvc,eng
JNYKCGC3BuE,eng
7m6bRgCpPLE,eng
bGxC_DpxYSQ,eng
e5lNZ-iP1YU,eng
-OQZoquIixo,eng
uUl9GjfajAA,eng
RyYg4Gr1aBw,eng
QyHo9iS2NDo,eng
OGv9Pw3-xzw,eng
88dlj6q4HpA,eng
ocoP0YjhBzo,eng
XDs5_tNPmg4,eng
zszy9-gb5Yo,eng
P1NAYKSABDU,eng
cjeBV3R_OOw,eng
400tIu1WsRs,eng
Jd7qf1vhJcc,eng
lTrBb85KTRY,eng
TBqvfXFixKo,eng
9P51xYzEe7s,eng
vKA56nu-SjM,eng
hK60XJO1jRY,eng
x9pc74lol2Q,eng
_kVzmDPpbKM,eng
glgyUywxiqQ,eng
pi7ApEIXxZw,eng
RWYDxn0ryng,eng
fAqNwIz4Iw4,eng
qBs8YvrK5rU,eng
JbOdJF2uLJU,eng
7UrQCvTYjKM,eng
_CdBbrcafBQ,eng
l6jtlwNpEgg,eng
eT4obYVwRgw,eng
pqNl0kOLDWM,eng
W2YUpFwviVU,eng
_4rYwQsFQA4,eng
qG-0nGtEzBc,eng
5U0WZ1CJ1Ds,eng
O0rrZnUL8A8,eng
0AtAHgoFvZM,eng
AMo_FwzmJsU,eng
Cp9TrID3JvE,eng
KI4v8j9rA-M,eng
P0YiX23TyXE,eng
hPRYp61eJus,eng
IMMoWUowpyY,eng
2U3mHTX-o7w,eng
SjxBUXit0k0,eng
SP-kl6GwuPo,eng
jc8_yNO01Bs,eng
kpl05lV0r1s,eng
V0uuiHV3_HM,eng
8LxrTwCcoWA,eng
a9RqgxUmRH0,eng
BcJR2isZltQ,eng
b_DrGi6WesU,eng
7a-qwixQMa4,eng
l-JuRpVBa9c,eng
NI7ZMEVscIE,eng
SG3I0Togyw0,eng
_CGSjrZHwkM,eng
ZWmg8DfjwxQ,eng
F-49e4VYUAw,eng
CjJToWUxwko,eng
jekK9h7FczA,eng
V3qmqUuP39c,eng
R0uShD048HU,eng
AjbRmXpeL_U,eng
ewu-o6bvkiM,eng
p0OmOFbMVbw,eng
nTd95oDEjFI,eng
iI7uqbIlses,eng
KxyRqcG96HI,eng
tITA_HHQoMs,eng
nALiO-IZECc,eng
Y8wLq1VaNjA,eng
p9YnRUukQnA,eng
BrGKwIk6S5I,eng
HD7ynj9PRjY,eng
3UVPxi3B-8A,eng
Pi6AYsuxUw4,eng
TIYxTENhdwE,eng
1s8HwUaKWjU,eng
Kc2OBCcEAW0,eng
qQ-WSAQIb9c,eng
QOLjzfoRzb4,eng
mq1nN58Xji8,eng
cnvzLKdpQbk,eng
Ix3Z4cjUGgw,eng
HTNg7rIZUSM,eng
cSc0SGQzvcA,eng
YNVT-RuDeI8,eng
wyfvHXkL4tI,eng
avvfIpQgDbE,eng
TPlNOknzjnQ,eng
3ewy77HnUlU,eng
O-9WzydO7Ys,eng
WGflnCwR-G8,eng
Fk0EwDPoYEs,eng
w8JU84k0DbE,eng
hgNGkM1wzPQ,eng
Pzbces0PYiA,eng
X7Y8G_vzn40,eng
VMGw6j5cYWE,eng
eioUIp7J_fI,eng
M1BtEP6h00Q,eng
rzQflcb00HE,eng
EOMafExiyrk,eng
S_U56vYc-9s,eng
JiuoF4-pSTo,eng
pxkt5ti0HJY,eng
vMeH9h-Jy4s,eng
TEur4vyFTVE,eng
B9YfUj8Slbg,eng
eSBNhV8AhDc,eng
iDvUwkji15E,eng
FwUZKSxJLJ4,eng
BqhqoKvPn6c,eng
pW0Q2EMsDHs,eng
H3EdzWEtYKE,eng
4yjXF0dhT5I,eng
I89dSukKcTM,eng
1YUz5Aa_W18,eng
0h7nQHjM4ag,eng
6Dpzc8juojc,eng
RGIFsiVq65Y,eng
U9fEqvSH6dU,eng
VIzS8iUBt8I,eng
k15KwZYDq-Q,eng
__Rh15mmqts,eng
8REbA-GHUAs,eng
lnZYi8D1qNg,eng
RHi9uEL5bLo,eng
VAGWshVE-Kk,eng
TKVmmdR7XZQ,eng
yCfaUcOwLzg,eng
0yPR6XFyiOc,eng
dA_ki4N2UjM,eng
8ROIvCbM6bg,eng
VpQZA6HhHHc,eng
4K42TsqlG0k,eng
bDfyUMy62EY,eng
xLEWfPjIruo,eng
XrCBKfgWe_8,eng
us9fSez3pNo,eng
xr5gm3hM4jI,eng
Tc2avhjJClI,eng
55IMz3ag5xY,eng
1mefvO5pEVI,eng
sld8ttfF0oU,eng
2jZzfPXbaW4,eng
MGwNlocvQAo,eng
q8AYjKFblmU,eng
6ZWrWbokyRA,eng
wGOR7aaBG_I,eng
Gh7oDH3Nja4,eng
F549ULoORHI,eng
8fRUha8DwBQ,eng
dFA-x2cwN-E,eng
Su_EFOJ_RME,eng
GwqPUrt3SWs,eng
Qqb0FgIJ_vc,eng
T5mrL4kbXRY,eng
IZi3KPrpqvg,eng
wQPZ7p7gULs,eng
woLUc1wuo-Y,eng
G8C5RmqXCyU,eng
6rSk5_7LY2s,eng
O2lOYbI3vS4,eng
cA-ONF9Jctg,eng
Q7rXkwlVgzE,eng
zP29u-ibeGA,eng
6wIXhG6fTNc,eng
CpfxT45x13k,eng
AyJc3BWYILg,eng
O0SsIOcrhQg,eng
dIkFtezFbaQ,eng
m6V7-umenC4,eng
59AmFnLySG4,eng
wWRIgbCaKw8,eng
_xqAKtB17Yg,eng
AeUTjVeplNk,eng
H9FDcmpo8MI,eng
L2VU-n6nTTc,eng
fELBOPsCUto,eng
JHaha0ssJRQ,eng
XAcKOSXsz8o,eng
5lYMqHJgrAY,eng
Tfal8JQzJUU,eng
oARovFeI4IM,eng
_ObnFmCoJu0,eng
G_2hcpvA_rk,eng
6X5GXmJqcvo,eng
ux11KWtQSKc,eng
vL4sBBmq8_k,eng
Bx_JTOmSZOU,eng
n1uSms8aVJ8,eng
6-cp1tTt0mY,eng
cUoQLxoODTw,eng
0C59tOlD0SI,eng
dAmd5HNjcSY,eng
TioDiiz-Qrk,eng
_NpRd8detFI,eng
sogq8TjrBrA,eng
zXJWNcOhRR4,eng
TPpIlnTmICE,eng
HgeKyMMAwuc,eng
JjvxvhbqvTA,eng
6jPoX3BtSl0,eng
KzeaRMBxTZk,eng
x9__I-dj-nw,eng
ZJYmoXGPvXw,eng
2uZZQhqMQbo,eng
R0JcSBIMOD4,eng
ubb0g324cXw,eng
bsHjhiUBiWk,eng
TfBm7zYQVPY,eng
9cNGCwUh3Gs,eng
417JJyxAPsI,eng
Kmr0deQ96oA,eng
Cznn-rmjlII,eng
4MUUy0hAcFI,eng
N6LXXa84u6g,eng
JcuNBA7URFw,eng
1DX3bHmscRQ,eng
C1s7KX3KDto,eng
-IMxmX3RumU,eng
l12BBtsnWY0,eng
GT_DPAv65fs,eng
wPTo7SG9n9w,eng
mZyasq8YCug,eng
fPQrExO77Bc,eng
3jPzfdiqWqE,eng
d0Bw1qumJsk,eng
vl2nE1OpmeI,eng
MO0iFROKlh4,eng
X2D-rKgGyZU,eng
35LiDIt2dVI,eng
mHczWZH6q5I,eng
jx3o3lF83TE,eng
XW110CSLApU,eng
V1j1QN8vgmo,eng
6C48n9bOXbU,eng
x3YPi5fkSpM,eng
ARLZ38F3NmI,eng
W-RLqzJ8lSo,eng
FypE_AoEt0g,eng
_Gv_Zx-xfBQ,eng
Z9a8TgGoPuU,eng
4IbffmE8GEo,eng
AfkSaKSRsPE,eng
ueB3YngdiqQ,eng
0G466pLQT70,eng
71yUWwgizsM,eng
udrDDFRhYn4,eng
Y1D_ky7ndiU,eng
EbBtVuzUeho,eng
GcRvg3cU24Q,eng
CeQGdWvUxqI,eng
5teW_YFugKA,eng
lWTCiBEmeyM,eng
84Ame3YwJg8,eng
TCOpAYTol8Q,eng
1Jl9m51O9Wg,eng
-SKkDj3EBQc,eng
Qcx5xwFfT4U,eng
zwmPM8_zLM8,eng
OG4oBJp4m6o,eng
UkfILZ52aDU,eng
4pm0VrYh9v0,eng
c6AKNUEHQkI,eng
1AMggaqcVzI,eng
EENlwN_KqQM,eng
LCvW-NQXh2M,eng
qVNCEzUx6MQ,eng
s3z-dyDQWk8,eng
Qe69p3gAU98,eng
mIjULNguqgg,eng
fcc9kZ0QOfI,eng
At835fA5oh4,eng
xBCnpOet-Fk,eng
gnKBhWIVV-Q,eng
1Th96QbR1fk,eng
pCVrAm0he5g,eng
3ewS2ankcus,eng
4sQJ8UUcehw,eng
ozPZzSNVvnQ,eng
JTkq3MU8ifA,eng
eorMawrj-JQ,eng
5qJbuRxCfFY,eng
A9zUE22SqI4,eng
kShZaTSGxz4,eng
4IDiC-w6orA,eng
l36gEzX-AeY,eng
1fDQQSRHkpk,eng
XG2rxyhTolk,eng
gMkXLEKt-4Y,eng
zu2ZEQa7TCo,eng
h8lCUE1QI_c,eng
NpOIAVlfcnU,eng
A_XPhCcSMN4,eng
siNm_tdZTNQ,eng
E1ChEa3ZGLE,eng
w4ITYgYzGVE,eng
1hW4P2EL0jU,eng
CuCDWwp4HGo,eng
Oe4g04wkrM4,eng
BUN2qkwTPO0,eng
Lbfzd0hNdAM,eng
XGOEYy-as1s,eng
atuudkfHiWM,eng
io3snwFTuNw,eng
m4a6MYYAlD8,eng
fYg1m1YrTzU,eng
4SXP0g_nwII,eng
s2kxz6McWy4,eng
CibMuNPn0iE,eng
FMMb5OR0tjs,eng
pquce9KyDSw,eng
lmr_MiPFXsE,eng
0N7JFWtUYUw,eng
cS3kov8i3oY,eng
HZSU0Z6KPMc,eng
a60qZvsNCAs,eng
oqfPQJ3yAXQ,eng
4K4qVowDbp0,eng
meM8nA_TqC8,eng
qtW_TS6GbPw,eng
CuK7hn2JvHk,eng
ANZjMgHS0FQ,eng
eXTbGAkXeXs,eng
ptS45seND8o,eng
ARttXBMLMoc,eng
KLRoQkoVD_g,eng
tfNTBYbMvnk,eng
Er1vhk--3Mg,eng
F5KrpGhdSJ8,eng
AWb8dohrwgc,eng
Z82Y-Jo6sio,eng
9iPnlOmKHa8,eng
utf8t2BLFQI,eng
UkCx4Mv3W0Y,eng
tpb0Wcqaq2s,eng
5BQIdv5Gx2o,eng
-RvWohesxXs,eng
Gyh_3rq7jiI,eng
v03r0HAoTkI,eng
H3xK6yymJno,eng
16QC4ZCe6YM,eng
NX8EeLza3A0,eng
-Xeb0z9XJPw,eng
ND-Ax88oW7Y,eng
vECbSbAt018,eng
pzuxc3e3dgw,eng
MOTeROooXd0,eng
c-73t2wGHEI,eng
gzoYcQzacIs,eng
fIolPd44q1g,eng
vtnzjE2Zpec,eng
K6siV2z5ZXY,eng
9x3LWkvA9so,eng
eHnaKpjhvCA,eng
Qs8d4oiCpdo,eng
XJgfJ1jYOTs,eng
baHQR_Eh-aE,eng
eKsCgjfVj3o,eng
lVEButhNuKc,eng
cHFGLXjyEjE,eng
DszTSyDd_Y4,eng
5ktyXkKhGjc,eng
QNUNhP7a5ks,eng
pKmKxhfJ0TM,eng
SjA-SFlzZGE,eng
F6XYGb5K5U4,eng
mo0RfPcBp_U,eng
n6Z3qzqS3A4,eng
ETdXHXE7ojU,eng
_0FgVALRBbo,eng
O2dYgSxXbb8,eng
F6sosZhylQ0,eng
vnLpXX-3Yuc,eng
44jiot8gcco,eng
2AYR1E8nZEc,eng
Vb0e5zZzjAo,eng
iYm8wqhhXhk,eng
pNi8IC5tHwM,eng
YzYdkIM795c,eng
_3Q2ISOSswE,eng
D1FnxtekwRU,eng
JsSr7IKif9g,eng
2rVWTzP6u34,eng
RpReCD8jg9A,eng
5l4nKYkdNKE,eng
0HlHr7e5lto,eng
CXZVubBzD8o,eng
vt9Shq81tTQ,eng
vcP3ysOfvXk,eng
UdFK15oDrg8,eng
Kt-31BWZmi8,eng
JHOFIZh0Z5E,eng
uSROiib2IKc,eng
69qwybubFq4,eng
ypqAYyzGZL4,eng
wVPz0drVR5Y,eng
V8ayNwAwb6o,eng
3h457iVHSkM,eng
2DJhYcnlUL8,eng
qGv4BLPCBo4,eng
tpyZsh3XR1s,eng
RB6hWq_Aq5g,eng
FWjuDh6qkhI,eng
jbBbIHwuI84,eng
jU2PAQg7cww,eng
QiU-rNxP5P4,eng
9aUwICXlO2c,eng
sEL_VzYKjno,eng
2iKf7UwPc1U,eng
Ia0UsJloUEI,eng
p1tHh5eC1cw,eng
DN4NhtYQ9UM,eng
7YGAVYBQZv8,eng
Azd27LX_-n4,eng
YRTqPAvlZto,eng
IoR0kqnEjec,eng
7qC6XsDton0,eng
W2hXDbJ8wfI,eng
frRNI7iQ7vs,eng
Q9-hEGMaI4Q,eng
VtUqlUKXHag,eng
3tNVtWE0J6U,eng
5hLhPAwwbLA,eng
GP9rl5U4seU,eng
dM68mZvrIW8,eng
UIfUW85lKqE,eng
Y3xGqVeIqeM,eng
9UJIf-209yA,eng
e0orMkwm7B8,eng
2TpuczoK2bQ,eng
zWV2-FVdNR4,eng
LsXHKwB-CT8,eng
IP9Ljy5YDrY,eng
mueFUepNsIo,eng
jrjgKt47pzk,eng
J8PWtfcuJsE,eng
3r-mSPdXx-M,eng
iBB51y15jm4,eng
-DC_ByJW5so,eng
1Q3yU3pIrhc,eng
u1YFxOlgbfQ,eng
jL71SaTRYMk,eng
DSOfQYJYw20,eng
zqHqUr3j7a4,eng
YcLBmODP5eE,eng
YKrt1g5Rn2M,eng
r57ycW_npRY,eng
TlfkBlgzJFI,eng
h8s06z5XaIM,eng
DdfNCoEgtls,eng
stAsAt7cdeg,eng
nIxspEAb7Cg,eng
S3AlDPlRAGY,eng
ULzF3bI2eDQ,eng
17BD9aqIcGE,eng
c0HrXIEmBjQ,eng
snJh6XXqkeM,eng
l9hlTjTr1Y0,eng
IvqgeBE8kzk,eng
dkuLVVEkHHI,eng
DH3Jv8m3Ano,eng
7lmlUErl6Go,eng
KC3VI-l6FN8,eng
wycQw0qXAjY,eng
lMkIFIC6QtQ,eng
LQo4I5FXvcU,eng
IFlYbd0HH1w,eng
lxt3Toaw2_M,eng
bETUvhprlVc,eng
HYhlaMXykRk,eng
reSkehj4-fk,eng
m5eeAN0ZXnU,eng
--BaucQvhek,eng
4X0Eq4_7IA4,eng
ptCSPzIyy1E,eng
uV0jkj6dMsE,eng
lnwV0x6U4rY,eng
Ebm7-JwqmN0,eng
AmzRmt_iggE,eng
YJhajC-3eSA,eng
WW0QLhXRFLw,eng
7DPmPgw5aRc,eng
5ZFwGHhrDHg,eng
llNB1RMyqK0,eng
tFLt9VOzT1k,eng
CrlDXxLKmmc,eng
3l8E6KTr6so,eng
KOuZsIW1vYU,eng
MjHSbgQ3O7s,eng
fRgOyFwrVUQ,eng
yAzlsFDmsJI,eng
-b0hiYWFsoc,eng
4S933zhbCig,eng
nRDOU_xQDLo,eng
VkngaCzKBII,eng
UUqpKYTrlt8,eng
-chZ1WBdg-A,eng
5YVjETFUqW4,eng
JMFlUwl9rss,eng
z_3hpECRPT4,eng
7Je8tiek2DI,eng
LZc2I_ULxrE,eng
3f3pOmllSHk,eng
Sj9UJnlV5qk,eng
xP9YyBj6p54,eng
EeA7oXe3Gok,eng
xvE5Cv-QM4w,eng
0U4LFO_dZZQ,eng
ICLf_fCWIQc,eng
9SrohcuXER4,eng
Q2rFCTUiZ-s,eng
SsUdxDPOZ2k,eng
HGJ4O-aDNXs,eng
rhruCkWoh38,eng
4P6KS6u51yA,eng
oTDNBPOeTdE,eng
_ifLV1xXQLg,eng
oFFV4lfMnQ0,eng
zrEy8WJ56ic,eng
kP6hb53QCCA,eng
RmcRtHscx6c,eng
NS8MzxPzGWg,eng
PeKDAmVQYQc,eng
5-UJxHYNX-I,eng
fwhCkLmnCgw,eng
havG4tEzsUw,eng
0n0-IwZkLo0,eng
hbrevi_oywQ,eng
KCpJZ5lCYlM,eng
7ZbBWyv6RiM,eng
jo5lD-5_o8I,eng
oa2q_hDS-AM,eng
SVvMfpUYDTY,eng
hIcqjvqV5uY,eng
eHJR8fyFw_c,eng
KCznZqL3lns,eng
iN93rcg6VzY,eng
2qcf72C7B5E,eng
GGFglURNdBY,eng
aeOwaTBiCM4,eng
_57XDc0i9Qs,eng
HvmLgudmsb0,eng
PqSQcrRAqpg,eng
x25w7akI1Ag,eng
NJeq5SBQCFM,eng
VfgsQpJ8A4I,eng
1POBfiXhWYc,eng
Ge1Pa3ny54c,eng
7nYp6LhW2sg,eng
0qnF1Bv6POs,eng
cJ-Zeu0d1mw,eng
PvQE8ebLUzc,eng
6AubRioi9FE,eng
os4-RR3-1fI,eng
Nil3rc4Dv0Y,eng
8YhJ51KWdrc,eng
rHRQetgCvgA,eng
1jMG2sljVQU,eng
CiuNVZpr8-0,eng
OT1PzsFWnco,eng
dZF9pi0q5Dw,eng
kFe26u4pmck,eng
ODWX0RKH2H0,eng
LTzAqXPd2RI,eng
zDAxHsK2iiQ,eng
fCLTnnpIPHg,eng
p45zIACGFi8,eng
arlyx0bgWwk,eng
H4xCVfg7xSo,eng
961XSv_JTrQ,eng
34OYPWgjkWw,eng
Wi3ZVhtzoaE,eng
Ij3K_EIlArk,eng
VgD1nmTmJqU,eng
oNV1eJJR4tA,eng
KPOkumN0XsM,eng
VfWggnkZUSk,eng
GeHOnbUovaE,eng
Vakn8p9ZyH0,eng
HC-HoRaZbIU,eng
mZIHevAzjAo,eng
ofE0co34HGs,eng
Nnm4c-uwZoU,eng
uPPjnIAjCAc,eng
a12-4W6L87E,eng
raSlgzzst3M,eng
M6nF-0ZcSBg,eng
tNRBh-8fsGg,eng
mSFERBorVUA,eng
DHKxPesxcpo,eng
4StRcjX9tSE,eng
4NGP7V2L2xc,eng
hHMVOqucldE,eng
u-UfI5cYN2c,eng
vF28jbaO3UE,eng
EjUSbn0tFz0,eng
